Epoch,Train Loss,Validation Loss
1,0.7036104719154537,0.6920666642810988
